--------------------------------------------------------
--  File created - Thursday-July-20-2023   
--------------------------------------------------------
--------------------------------------------------------
--  DDL for Table BRANCH
--------------------------------------------------------

  CREATE TABLE "CE7_101"."BRANCH" 
   (	"BRANCH_KEY" NUMBER(*,0), 
	"BRANCH_NAME" VARCHAR2(20 BYTE), 
	"BRANCH_TYPE" VARCHAR2(20 BYTE)
   ) SEGMENT CREATION DEFERRED 
  PCTFREE 10 PCTUSED 40 INITRANS 1 MAXTRANS 255 
 NOCOMPRESS LOGGING
  TABLESPACE "USERS" ;
--------------------------------------------------------
--  DDL for Table FACT
--------------------------------------------------------

  CREATE TABLE "CE7_101"."FACT" 
   (	"TIME_KEY" NUMBER(*,0), 
	"ITEM_KEY" NUMBER(*,0), 
	"BRANCH_KEY" NUMBER(*,0), 
	"LOCATION_KEY" NUMBER(*,0), 
	"UNITS_SOLD" NUMBER(*,0), 
	"DOLLARS_SOLD" NUMBER(*,0), 
	"AVG_SALES" NUMBER(*,0)
   ) SEGMENT CREATION DEFERRED 
  PCTFREE 10 PCTUSED 40 INITRANS 1 MAXTRANS 255 
 NOCOMPRESS LOGGING
  TABLESPACE "USERS" ;
--------------------------------------------------------
--  DDL for Table ITEM
--------------------------------------------------------

  CREATE TABLE "CE7_101"."ITEM" 
   (	"ITEM_KEY" NUMBER(*,0), 
	"ITEM_NAME" VARCHAR2(20 BYTE), 
	"BRAND" VARCHAR2(20 BYTE), 
	"TYPE" VARCHAR2(20 BYTE), 
	"SUPPLIER_TYPE" VARCHAR2(20 BYTE)
   ) SEGMENT CREATION IMMEDIATE 
  PCTFREE 10 PCTUSED 40 INITRANS 1 MAXTRANS 255 
 NOCOMPRESS LOGGING
  STORAGE(INITIAL 65536 NEXT 1048576 MINEXTENTS 1 MAXEXTENTS 2147483645
  PCTINCREASE 0 FREELISTS 1 FREELIST GROUPS 1
  BUFFER_POOL DEFAULT FLASH_CACHE DEFAULT CELL_FLASH_CACHE DEFAULT)
  TABLESPACE "USERS" ;
--------------------------------------------------------
--  DDL for Table JD_BRANCH_ADM
--------------------------------------------------------

  CREATE TABLE "CE7_101"."JD_BRANCH_ADM" 
   (	"BRANCH_ID" NUMBER(*,0), 
	"BRANCH_CATEGORY" VARCHAR2(15 BYTE), 
	"BRANCH_STREAM" VARCHAR2(20 BYTE)
   ) SEGMENT CREATION IMMEDIATE 
  PCTFREE 10 PCTUSED 40 INITRANS 1 MAXTRANS 255 
 NOCOMPRESS LOGGING
  STORAGE(INITIAL 65536 NEXT 1048576 MINEXTENTS 1 MAXEXTENTS 2147483645
  PCTINCREASE 0 FREELISTS 1 FREELIST GROUPS 1
  BUFFER_POOL DEFAULT FLASH_CACHE DEFAULT CELL_FLASH_CACHE DEFAULT)
  TABLESPACE "USERS" ;
--------------------------------------------------------
--  DDL for Table JD_FELLOW_ADM
--------------------------------------------------------

  CREATE TABLE "CE7_101"."JD_FELLOW_ADM" 
   (	"FELLOW_ID" NUMBER(*,0), 
	"FELLOW_GENDER" CHAR(1 BYTE), 
	"FELLOW_CATEGORY" VARCHAR2(5 BYTE)
   ) SEGMENT CREATION IMMEDIATE 
  PCTFREE 10 PCTUSED 40 INITRANS 1 MAXTRANS 255 
 NOCOMPRESS LOGGING
  STORAGE(INITIAL 65536 NEXT 1048576 MINEXTENTS 1 MAXEXTENTS 2147483645
  PCTINCREASE 0 FREELISTS 1 FREELIST GROUPS 1
  BUFFER_POOL DEFAULT FLASH_CACHE DEFAULT CELL_FLASH_CACHE DEFAULT)
  TABLESPACE "USERS" ;
--------------------------------------------------------
--  DDL for Table JD_PERIOD_ADM
--------------------------------------------------------

  CREATE TABLE "CE7_101"."JD_PERIOD_ADM" 
   (	"PERIOD_ID" NUMBER(*,0), 
	"PERIOD_YEAR" NUMBER(*,0), 
	"PERIOD_TYPE" VARCHAR2(5 BYTE)
   ) SEGMENT CREATION IMMEDIATE 
  PCTFREE 10 PCTUSED 40 INITRANS 1 MAXTRANS 255 
 NOCOMPRESS LOGGING
  STORAGE(INITIAL 65536 NEXT 1048576 MINEXTENTS 1 MAXEXTENTS 2147483645
  PCTINCREASE 0 FREELISTS 1 FREELIST GROUPS 1
  BUFFER_POOL DEFAULT FLASH_CACHE DEFAULT CELL_FLASH_CACHE DEFAULT)
  TABLESPACE "USERS" ;
--------------------------------------------------------
--  DDL for Table JF_ADM
--------------------------------------------------------

  CREATE TABLE "CE7_101"."JF_ADM" 
   (	"BRANCH_ID" NUMBER(*,0), 
	"FELLOW_ID" NUMBER(*,0), 
	"PERIOD_ID" NUMBER(*,0), 
	"FACT_NO_ADM" NUMBER(*,0), 
	"FACT_AVG_PER" NUMBER(*,0)
   ) SEGMENT CREATION IMMEDIATE 
  PCTFREE 10 PCTUSED 40 INITRANS 1 MAXTRANS 255 
 NOCOMPRESS LOGGING
  STORAGE(INITIAL 65536 NEXT 1048576 MINEXTENTS 1 MAXEXTENTS 2147483645
  PCTINCREASE 0 FREELISTS 1 FREELIST GROUPS 1
  BUFFER_POOL DEFAULT FLASH_CACHE DEFAULT CELL_FLASH_CACHE DEFAULT)
  TABLESPACE "USERS" ;
--------------------------------------------------------
--  DDL for Table LOCATION
--------------------------------------------------------

  CREATE TABLE "CE7_101"."LOCATION" 
   (	"LOCATION_KEY" NUMBER(*,0), 
	"STREET" VARCHAR2(20 BYTE), 
	"CITY" VARCHAR2(20 BYTE), 
	"STATE_OR_PROVINCE" VARCHAR2(20 BYTE), 
	"COUNTRY" VARCHAR2(20 BYTE)
   ) SEGMENT CREATION IMMEDIATE 
  PCTFREE 10 PCTUSED 40 INITRANS 1 MAXTRANS 255 
 NOCOMPRESS LOGGING
  STORAGE(INITIAL 65536 NEXT 1048576 MINEXTENTS 1 MAXEXTENTS 2147483645
  PCTINCREASE 0 FREELISTS 1 FREELIST GROUPS 1
  BUFFER_POOL DEFAULT FLASH_CACHE DEFAULT CELL_FLASH_CACHE DEFAULT)
  TABLESPACE "USERS" ;
--------------------------------------------------------
--  DDL for Table TIME
--------------------------------------------------------

  CREATE TABLE "CE7_101"."TIME" 
   (	"TIME_KEY" NUMBER(*,0), 
	"DAY" NUMBER(*,0), 
	"DAY_OF_THE_WEEK" VARCHAR2(20 BYTE), 
	"MONTH" VARCHAR2(20 BYTE), 
	"QUARTER" VARCHAR2(20 BYTE), 
	"YEAR" VARCHAR2(20 BYTE)
   ) SEGMENT CREATION IMMEDIATE 
  PCTFREE 10 PCTUSED 40 INITRANS 1 MAXTRANS 255 
 NOCOMPRESS LOGGING
  STORAGE(INITIAL 65536 NEXT 1048576 MINEXTENTS 1 MAXEXTENTS 2147483645
  PCTINCREASE 0 FREELISTS 1 FREELIST GROUPS 1
  BUFFER_POOL DEFAULT FLASH_CACHE DEFAULT CELL_FLASH_CACHE DEFAULT)
  TABLESPACE "USERS" ;
REM INSERTING into CE7_101.BRANCH
SET DEFINE OFF;
REM INSERTING into CE7_101.FACT
SET DEFINE OFF;
REM INSERTING into CE7_101.ITEM
SET DEFINE OFF;
Insert into CE7_101.ITEM (ITEM_KEY,ITEM_NAME,BRAND,TYPE,SUPPLIER_TYPE) values (1,'T-Shirt','US-POLO','cloth','Manufacturers');
Insert into CE7_101.ITEM (ITEM_KEY,ITEM_NAME,BRAND,TYPE,SUPPLIER_TYPE) values (2,'Iphone-14','Apple','mobile','Manufacturers');
Insert into CE7_101.ITEM (ITEM_KEY,ITEM_NAME,BRAND,TYPE,SUPPLIER_TYPE) values (3,'DELL-3590','DELL','laptop','Traders');
Insert into CE7_101.ITEM (ITEM_KEY,ITEM_NAME,BRAND,TYPE,SUPPLIER_TYPE) values (4,'Shoes','Adidas','cloth','Wholesale');
Insert into CE7_101.ITEM (ITEM_KEY,ITEM_NAME,BRAND,TYPE,SUPPLIER_TYPE) values (5,'Macbook','Apple','laptop','Wholesale');
Insert into CE7_101.ITEM (ITEM_KEY,ITEM_NAME,BRAND,TYPE,SUPPLIER_TYPE) values (6,'OneplusCE','OnePlus','Buds','Traders');
Insert into CE7_101.ITEM (ITEM_KEY,ITEM_NAME,BRAND,TYPE,SUPPLIER_TYPE) values (7,'S23ultra','Samsung','mobile','Manufacturers');
Insert into CE7_101.ITEM (ITEM_KEY,ITEM_NAME,BRAND,TYPE,SUPPLIER_TYPE) values (8,'Oreo','Oreo','Biscuit','Wholesale');
Insert into CE7_101.ITEM (ITEM_KEY,ITEM_NAME,BRAND,TYPE,SUPPLIER_TYPE) values (9,'Goodday','Britannia','Biscuit','Traders');
Insert into CE7_101.ITEM (ITEM_KEY,ITEM_NAME,BRAND,TYPE,SUPPLIER_TYPE) values (10,'Loafer','Mochi','cloth','Manufacturers');
REM INSERTING into CE7_101.JD_BRANCH_ADM
SET DEFINE OFF;
Insert into CE7_101.JD_BRANCH_ADM (BRANCH_ID,BRANCH_CATEGORY,BRANCH_STREAM) values (1,'ENG','CS');
Insert into CE7_101.JD_BRANCH_ADM (BRANCH_ID,BRANCH_CATEGORY,BRANCH_STREAM) values (2,'ENG','EC');
Insert into CE7_101.JD_BRANCH_ADM (BRANCH_ID,BRANCH_CATEGORY,BRANCH_STREAM) values (3,'MED','MBBS');
Insert into CE7_101.JD_BRANCH_ADM (BRANCH_ID,BRANCH_CATEGORY,BRANCH_STREAM) values (4,'MED','DENTAL');
REM INSERTING into CE7_101.JD_FELLOW_ADM
SET DEFINE OFF;
Insert into CE7_101.JD_FELLOW_ADM (FELLOW_ID,FELLOW_GENDER,FELLOW_CATEGORY) values (1,'M','OPEN');
Insert into CE7_101.JD_FELLOW_ADM (FELLOW_ID,FELLOW_GENDER,FELLOW_CATEGORY) values (2,'M','SC');
Insert into CE7_101.JD_FELLOW_ADM (FELLOW_ID,FELLOW_GENDER,FELLOW_CATEGORY) values (3,'F','OPEN');
Insert into CE7_101.JD_FELLOW_ADM (FELLOW_ID,FELLOW_GENDER,FELLOW_CATEGORY) values (4,'F','SC');
REM INSERTING into CE7_101.JD_PERIOD_ADM
SET DEFINE OFF;
Insert into CE7_101.JD_PERIOD_ADM (PERIOD_ID,PERIOD_YEAR,PERIOD_TYPE) values (1,2004,'1RS');
Insert into CE7_101.JD_PERIOD_ADM (PERIOD_ID,PERIOD_YEAR,PERIOD_TYPE) values (2,2004,'2RS');
Insert into CE7_101.JD_PERIOD_ADM (PERIOD_ID,PERIOD_YEAR,PERIOD_TYPE) values (3,2005,'1RS');
Insert into CE7_101.JD_PERIOD_ADM (PERIOD_ID,PERIOD_YEAR,PERIOD_TYPE) values (4,2005,'2RS');
REM INSERTING into CE7_101.JF_ADM
SET DEFINE OFF;
Insert into CE7_101.JF_ADM (BRANCH_ID,FELLOW_ID,PERIOD_ID,FACT_NO_ADM,FACT_AVG_PER) values (1,1,1,1000,60);
Insert into CE7_101.JF_ADM (BRANCH_ID,FELLOW_ID,PERIOD_ID,FACT_NO_ADM,FACT_AVG_PER) values (1,1,2,1100,70);
Insert into CE7_101.JF_ADM (BRANCH_ID,FELLOW_ID,PERIOD_ID,FACT_NO_ADM,FACT_AVG_PER) values (1,1,3,1200,80);
Insert into CE7_101.JF_ADM (BRANCH_ID,FELLOW_ID,PERIOD_ID,FACT_NO_ADM,FACT_AVG_PER) values (1,1,4,1300,90);
Insert into CE7_101.JF_ADM (BRANCH_ID,FELLOW_ID,PERIOD_ID,FACT_NO_ADM,FACT_AVG_PER) values (1,2,1,1400,60);
Insert into CE7_101.JF_ADM (BRANCH_ID,FELLOW_ID,PERIOD_ID,FACT_NO_ADM,FACT_AVG_PER) values (1,2,2,1500,70);
Insert into CE7_101.JF_ADM (BRANCH_ID,FELLOW_ID,PERIOD_ID,FACT_NO_ADM,FACT_AVG_PER) values (1,2,3,1600,80);
Insert into CE7_101.JF_ADM (BRANCH_ID,FELLOW_ID,PERIOD_ID,FACT_NO_ADM,FACT_AVG_PER) values (1,2,4,1700,90);
Insert into CE7_101.JF_ADM (BRANCH_ID,FELLOW_ID,PERIOD_ID,FACT_NO_ADM,FACT_AVG_PER) values (1,3,1,1800,60);
Insert into CE7_101.JF_ADM (BRANCH_ID,FELLOW_ID,PERIOD_ID,FACT_NO_ADM,FACT_AVG_PER) values (1,3,2,1900,70);
Insert into CE7_101.JF_ADM (BRANCH_ID,FELLOW_ID,PERIOD_ID,FACT_NO_ADM,FACT_AVG_PER) values (1,3,3,2000,80);
Insert into CE7_101.JF_ADM (BRANCH_ID,FELLOW_ID,PERIOD_ID,FACT_NO_ADM,FACT_AVG_PER) values (1,3,4,2100,90);
Insert into CE7_101.JF_ADM (BRANCH_ID,FELLOW_ID,PERIOD_ID,FACT_NO_ADM,FACT_AVG_PER) values (1,4,1,2200,60);
Insert into CE7_101.JF_ADM (BRANCH_ID,FELLOW_ID,PERIOD_ID,FACT_NO_ADM,FACT_AVG_PER) values (1,4,2,2300,70);
Insert into CE7_101.JF_ADM (BRANCH_ID,FELLOW_ID,PERIOD_ID,FACT_NO_ADM,FACT_AVG_PER) values (1,4,3,2400,80);
Insert into CE7_101.JF_ADM (BRANCH_ID,FELLOW_ID,PERIOD_ID,FACT_NO_ADM,FACT_AVG_PER) values (1,4,4,2500,90);
Insert into CE7_101.JF_ADM (BRANCH_ID,FELLOW_ID,PERIOD_ID,FACT_NO_ADM,FACT_AVG_PER) values (2,1,1,2600,60);
Insert into CE7_101.JF_ADM (BRANCH_ID,FELLOW_ID,PERIOD_ID,FACT_NO_ADM,FACT_AVG_PER) values (2,1,2,2700,70);
Insert into CE7_101.JF_ADM (BRANCH_ID,FELLOW_ID,PERIOD_ID,FACT_NO_ADM,FACT_AVG_PER) values (2,1,3,2800,80);
Insert into CE7_101.JF_ADM (BRANCH_ID,FELLOW_ID,PERIOD_ID,FACT_NO_ADM,FACT_AVG_PER) values (2,1,4,2900,90);
Insert into CE7_101.JF_ADM (BRANCH_ID,FELLOW_ID,PERIOD_ID,FACT_NO_ADM,FACT_AVG_PER) values (2,2,1,3000,60);
Insert into CE7_101.JF_ADM (BRANCH_ID,FELLOW_ID,PERIOD_ID,FACT_NO_ADM,FACT_AVG_PER) values (2,2,2,3100,70);
Insert into CE7_101.JF_ADM (BRANCH_ID,FELLOW_ID,PERIOD_ID,FACT_NO_ADM,FACT_AVG_PER) values (2,2,3,3200,80);
Insert into CE7_101.JF_ADM (BRANCH_ID,FELLOW_ID,PERIOD_ID,FACT_NO_ADM,FACT_AVG_PER) values (2,2,4,3300,90);
Insert into CE7_101.JF_ADM (BRANCH_ID,FELLOW_ID,PERIOD_ID,FACT_NO_ADM,FACT_AVG_PER) values (2,3,1,3400,60);
Insert into CE7_101.JF_ADM (BRANCH_ID,FELLOW_ID,PERIOD_ID,FACT_NO_ADM,FACT_AVG_PER) values (2,3,2,3500,70);
Insert into CE7_101.JF_ADM (BRANCH_ID,FELLOW_ID,PERIOD_ID,FACT_NO_ADM,FACT_AVG_PER) values (2,3,3,3600,80);
Insert into CE7_101.JF_ADM (BRANCH_ID,FELLOW_ID,PERIOD_ID,FACT_NO_ADM,FACT_AVG_PER) values (2,3,4,3700,90);
Insert into CE7_101.JF_ADM (BRANCH_ID,FELLOW_ID,PERIOD_ID,FACT_NO_ADM,FACT_AVG_PER) values (2,4,1,3800,60);
Insert into CE7_101.JF_ADM (BRANCH_ID,FELLOW_ID,PERIOD_ID,FACT_NO_ADM,FACT_AVG_PER) values (2,4,2,3900,70);
Insert into CE7_101.JF_ADM (BRANCH_ID,FELLOW_ID,PERIOD_ID,FACT_NO_ADM,FACT_AVG_PER) values (2,4,3,4000,80);
Insert into CE7_101.JF_ADM (BRANCH_ID,FELLOW_ID,PERIOD_ID,FACT_NO_ADM,FACT_AVG_PER) values (2,4,4,4100,90);
Insert into CE7_101.JF_ADM (BRANCH_ID,FELLOW_ID,PERIOD_ID,FACT_NO_ADM,FACT_AVG_PER) values (3,1,1,4200,60);
Insert into CE7_101.JF_ADM (BRANCH_ID,FELLOW_ID,PERIOD_ID,FACT_NO_ADM,FACT_AVG_PER) values (3,1,2,4300,70);
Insert into CE7_101.JF_ADM (BRANCH_ID,FELLOW_ID,PERIOD_ID,FACT_NO_ADM,FACT_AVG_PER) values (3,1,3,4400,80);
Insert into CE7_101.JF_ADM (BRANCH_ID,FELLOW_ID,PERIOD_ID,FACT_NO_ADM,FACT_AVG_PER) values (3,1,4,4500,90);
Insert into CE7_101.JF_ADM (BRANCH_ID,FELLOW_ID,PERIOD_ID,FACT_NO_ADM,FACT_AVG_PER) values (3,2,1,4600,60);
Insert into CE7_101.JF_ADM (BRANCH_ID,FELLOW_ID,PERIOD_ID,FACT_NO_ADM,FACT_AVG_PER) values (3,2,2,4700,70);
Insert into CE7_101.JF_ADM (BRANCH_ID,FELLOW_ID,PERIOD_ID,FACT_NO_ADM,FACT_AVG_PER) values (3,2,3,4800,80);
Insert into CE7_101.JF_ADM (BRANCH_ID,FELLOW_ID,PERIOD_ID,FACT_NO_ADM,FACT_AVG_PER) values (3,2,4,4900,90);
Insert into CE7_101.JF_ADM (BRANCH_ID,FELLOW_ID,PERIOD_ID,FACT_NO_ADM,FACT_AVG_PER) values (3,3,1,5000,60);
Insert into CE7_101.JF_ADM (BRANCH_ID,FELLOW_ID,PERIOD_ID,FACT_NO_ADM,FACT_AVG_PER) values (3,3,2,5100,70);
Insert into CE7_101.JF_ADM (BRANCH_ID,FELLOW_ID,PERIOD_ID,FACT_NO_ADM,FACT_AVG_PER) values (3,3,3,5200,80);
Insert into CE7_101.JF_ADM (BRANCH_ID,FELLOW_ID,PERIOD_ID,FACT_NO_ADM,FACT_AVG_PER) values (3,3,4,5300,90);
Insert into CE7_101.JF_ADM (BRANCH_ID,FELLOW_ID,PERIOD_ID,FACT_NO_ADM,FACT_AVG_PER) values (3,4,1,5400,60);
Insert into CE7_101.JF_ADM (BRANCH_ID,FELLOW_ID,PERIOD_ID,FACT_NO_ADM,FACT_AVG_PER) values (3,4,2,5500,70);
Insert into CE7_101.JF_ADM (BRANCH_ID,FELLOW_ID,PERIOD_ID,FACT_NO_ADM,FACT_AVG_PER) values (3,4,3,5600,80);
Insert into CE7_101.JF_ADM (BRANCH_ID,FELLOW_ID,PERIOD_ID,FACT_NO_ADM,FACT_AVG_PER) values (3,4,4,5700,90);
Insert into CE7_101.JF_ADM (BRANCH_ID,FELLOW_ID,PERIOD_ID,FACT_NO_ADM,FACT_AVG_PER) values (4,1,1,5800,60);
Insert into CE7_101.JF_ADM (BRANCH_ID,FELLOW_ID,PERIOD_ID,FACT_NO_ADM,FACT_AVG_PER) values (4,1,2,5900,70);
Insert into CE7_101.JF_ADM (BRANCH_ID,FELLOW_ID,PERIOD_ID,FACT_NO_ADM,FACT_AVG_PER) values (4,1,3,6000,80);
Insert into CE7_101.JF_ADM (BRANCH_ID,FELLOW_ID,PERIOD_ID,FACT_NO_ADM,FACT_AVG_PER) values (4,1,4,6100,90);
Insert into CE7_101.JF_ADM (BRANCH_ID,FELLOW_ID,PERIOD_ID,FACT_NO_ADM,FACT_AVG_PER) values (4,2,1,6200,60);
Insert into CE7_101.JF_ADM (BRANCH_ID,FELLOW_ID,PERIOD_ID,FACT_NO_ADM,FACT_AVG_PER) values (4,2,2,6300,70);
Insert into CE7_101.JF_ADM (BRANCH_ID,FELLOW_ID,PERIOD_ID,FACT_NO_ADM,FACT_AVG_PER) values (4,2,3,6400,80);
Insert into CE7_101.JF_ADM (BRANCH_ID,FELLOW_ID,PERIOD_ID,FACT_NO_ADM,FACT_AVG_PER) values (4,2,4,6500,90);
Insert into CE7_101.JF_ADM (BRANCH_ID,FELLOW_ID,PERIOD_ID,FACT_NO_ADM,FACT_AVG_PER) values (4,3,1,6600,60);
Insert into CE7_101.JF_ADM (BRANCH_ID,FELLOW_ID,PERIOD_ID,FACT_NO_ADM,FACT_AVG_PER) values (4,3,2,6700,70);
Insert into CE7_101.JF_ADM (BRANCH_ID,FELLOW_ID,PERIOD_ID,FACT_NO_ADM,FACT_AVG_PER) values (4,3,3,6800,80);
Insert into CE7_101.JF_ADM (BRANCH_ID,FELLOW_ID,PERIOD_ID,FACT_NO_ADM,FACT_AVG_PER) values (4,3,4,6900,90);
Insert into CE7_101.JF_ADM (BRANCH_ID,FELLOW_ID,PERIOD_ID,FACT_NO_ADM,FACT_AVG_PER) values (4,4,1,7000,60);
Insert into CE7_101.JF_ADM (BRANCH_ID,FELLOW_ID,PERIOD_ID,FACT_NO_ADM,FACT_AVG_PER) values (4,4,2,7100,70);
Insert into CE7_101.JF_ADM (BRANCH_ID,FELLOW_ID,PERIOD_ID,FACT_NO_ADM,FACT_AVG_PER) values (4,4,3,7200,80);
Insert into CE7_101.JF_ADM (BRANCH_ID,FELLOW_ID,PERIOD_ID,FACT_NO_ADM,FACT_AVG_PER) values (4,4,4,7300,90);
REM INSERTING into CE7_101.LOCATION
SET DEFINE OFF;
Insert into CE7_101.LOCATION (LOCATION_KEY,STREET,CITY,STATE_OR_PROVINCE,COUNTRY) values (1,'bhut sheri','surat','state','india');
Insert into CE7_101.LOCATION (LOCATION_KEY,STREET,CITY,STATE_OR_PROVINCE,COUNTRY) values (2,'daliya sheri','surat','state','india');
Insert into CE7_101.LOCATION (LOCATION_KEY,STREET,CITY,STATE_OR_PROVINCE,COUNTRY) values (3,'ram nagar','surat','province','india');
Insert into CE7_101.LOCATION (LOCATION_KEY,STREET,CITY,STATE_OR_PROVINCE,COUNTRY) values (4,'prhlad nagar','ahmedabad','state','india');
Insert into CE7_101.LOCATION (LOCATION_KEY,STREET,CITY,STATE_OR_PROVINCE,COUNTRY) values (5,'shiv nagar','ahmedabad','province','india');
Insert into CE7_101.LOCATION (LOCATION_KEY,STREET,CITY,STATE_OR_PROVINCE,COUNTRY) values (6,'manek chok','ahmedabad','state','india');
Insert into CE7_101.LOCATION (LOCATION_KEY,STREET,CITY,STATE_OR_PROVINCE,COUNTRY) values (7,'bhagal','surat','state','india');
Insert into CE7_101.LOCATION (LOCATION_KEY,STREET,CITY,STATE_OR_PROVINCE,COUNTRY) values (8,'gitamandir','ahmedabad','province','india');
Insert into CE7_101.LOCATION (LOCATION_KEY,STREET,CITY,STATE_OR_PROVINCE,COUNTRY) values (9,'iscon temple','ahmedabad','state','india');
Insert into CE7_101.LOCATION (LOCATION_KEY,STREET,CITY,STATE_OR_PROVINCE,COUNTRY) values (10,'katargam','surat','state','india');
REM INSERTING into CE7_101.TIME
SET DEFINE OFF;
Insert into CE7_101.TIME (TIME_KEY,DAY,DAY_OF_THE_WEEK,MONTH,QUARTER,YEAR) values (1,1,'MONDAY','JANUARY','FIRST','2000');
Insert into CE7_101.TIME (TIME_KEY,DAY,DAY_OF_THE_WEEK,MONTH,QUARTER,YEAR) values (2,2,'TUESDAY','FEBRUARY','FIRST','2001');
Insert into CE7_101.TIME (TIME_KEY,DAY,DAY_OF_THE_WEEK,MONTH,QUARTER,YEAR) values (3,3,'WEDNESDAY','MARCH','FIRST','2002');
Insert into CE7_101.TIME (TIME_KEY,DAY,DAY_OF_THE_WEEK,MONTH,QUARTER,YEAR) values (4,4,'THURSDAY','APRIL','SECOND','2003');
Insert into CE7_101.TIME (TIME_KEY,DAY,DAY_OF_THE_WEEK,MONTH,QUARTER,YEAR) values (5,5,'FRIDAY','MAY','SECOND','2004');
Insert into CE7_101.TIME (TIME_KEY,DAY,DAY_OF_THE_WEEK,MONTH,QUARTER,YEAR) values (6,6,'SATURDAY','JUNE','SECOND','2005');
Insert into CE7_101.TIME (TIME_KEY,DAY,DAY_OF_THE_WEEK,MONTH,QUARTER,YEAR) values (7,7,'SUNDAY','JULY','THIRD','2006');
Insert into CE7_101.TIME (TIME_KEY,DAY,DAY_OF_THE_WEEK,MONTH,QUARTER,YEAR) values (8,8,'MONDAY','AUGUST','THIRD','2007');
Insert into CE7_101.TIME (TIME_KEY,DAY,DAY_OF_THE_WEEK,MONTH,QUARTER,YEAR) values (9,9,'SATURDAY','SEPTEMBER','THIRD','2008');
Insert into CE7_101.TIME (TIME_KEY,DAY,DAY_OF_THE_WEEK,MONTH,QUARTER,YEAR) values (10,10,'SUNDAY','OCTOBER','FOURTH','2009');
--------------------------------------------------------
--  Constraints for Table JD_BRANCH_ADM
--------------------------------------------------------

  ALTER TABLE "CE7_101"."JD_BRANCH_ADM" MODIFY ("BRANCH_ID" NOT NULL ENABLE);
  ALTER TABLE "CE7_101"."JD_BRANCH_ADM" ADD PRIMARY KEY ("BRANCH_ID")
  USING INDEX PCTFREE 10 INITRANS 2 MAXTRANS 255 
  STORAGE(INITIAL 65536 NEXT 1048576 MINEXTENTS 1 MAXEXTENTS 2147483645
  PCTINCREASE 0 FREELISTS 1 FREELIST GROUPS 1
  BUFFER_POOL DEFAULT FLASH_CACHE DEFAULT CELL_FLASH_CACHE DEFAULT)
  TABLESPACE "USERS"  ENABLE;
--------------------------------------------------------
--  Constraints for Table BRANCH
--------------------------------------------------------

  ALTER TABLE "CE7_101"."BRANCH" MODIFY ("BRANCH_KEY" NOT NULL ENABLE);
  ALTER TABLE "CE7_101"."BRANCH" MODIFY ("BRANCH_NAME" NOT NULL ENABLE);
  ALTER TABLE "CE7_101"."BRANCH" MODIFY ("BRANCH_TYPE" NOT NULL ENABLE);
  ALTER TABLE "CE7_101"."BRANCH" ADD PRIMARY KEY ("BRANCH_KEY")
  USING INDEX PCTFREE 10 INITRANS 2 MAXTRANS 255 
  TABLESPACE "USERS"  ENABLE;
--------------------------------------------------------
--  Constraints for Table ITEM
--------------------------------------------------------

  ALTER TABLE "CE7_101"."ITEM" MODIFY ("ITEM_KEY" NOT NULL ENABLE);
  ALTER TABLE "CE7_101"."ITEM" MODIFY ("ITEM_NAME" NOT NULL ENABLE);
  ALTER TABLE "CE7_101"."ITEM" MODIFY ("BRAND" NOT NULL ENABLE);
  ALTER TABLE "CE7_101"."ITEM" MODIFY ("TYPE" NOT NULL ENABLE);
  ALTER TABLE "CE7_101"."ITEM" MODIFY ("SUPPLIER_TYPE" NOT NULL ENABLE);
  ALTER TABLE "CE7_101"."ITEM" ADD PRIMARY KEY ("ITEM_KEY")
  USING INDEX PCTFREE 10 INITRANS 2 MAXTRANS 255 
  STORAGE(INITIAL 65536 NEXT 1048576 MINEXTENTS 1 MAXEXTENTS 2147483645
  PCTINCREASE 0 FREELISTS 1 FREELIST GROUPS 1
  BUFFER_POOL DEFAULT FLASH_CACHE DEFAULT CELL_FLASH_CACHE DEFAULT)
  TABLESPACE "USERS"  ENABLE;
--------------------------------------------------------
--  Constraints for Table JD_FELLOW_ADM
--------------------------------------------------------

  ALTER TABLE "CE7_101"."JD_FELLOW_ADM" MODIFY ("FELLOW_ID" NOT NULL ENABLE);
  ALTER TABLE "CE7_101"."JD_FELLOW_ADM" ADD PRIMARY KEY ("FELLOW_ID")
  USING INDEX PCTFREE 10 INITRANS 2 MAXTRANS 255 
  STORAGE(INITIAL 65536 NEXT 1048576 MINEXTENTS 1 MAXEXTENTS 2147483645
  PCTINCREASE 0 FREELISTS 1 FREELIST GROUPS 1
  BUFFER_POOL DEFAULT FLASH_CACHE DEFAULT CELL_FLASH_CACHE DEFAULT)
  TABLESPACE "USERS"  ENABLE;
--------------------------------------------------------
--  Constraints for Table LOCATION
--------------------------------------------------------

  ALTER TABLE "CE7_101"."LOCATION" MODIFY ("LOCATION_KEY" NOT NULL ENABLE);
  ALTER TABLE "CE7_101"."LOCATION" MODIFY ("STREET" NOT NULL ENABLE);
  ALTER TABLE "CE7_101"."LOCATION" MODIFY ("CITY" NOT NULL ENABLE);
  ALTER TABLE "CE7_101"."LOCATION" MODIFY ("STATE_OR_PROVINCE" NOT NULL ENABLE);
  ALTER TABLE "CE7_101"."LOCATION" MODIFY ("COUNTRY" NOT NULL ENABLE);
  ALTER TABLE "CE7_101"."LOCATION" ADD PRIMARY KEY ("LOCATION_KEY")
  USING INDEX PCTFREE 10 INITRANS 2 MAXTRANS 255 
  STORAGE(INITIAL 65536 NEXT 1048576 MINEXTENTS 1 MAXEXTENTS 2147483645
  PCTINCREASE 0 FREELISTS 1 FREELIST GROUPS 1
  BUFFER_POOL DEFAULT FLASH_CACHE DEFAULT CELL_FLASH_CACHE DEFAULT)
  TABLESPACE "USERS"  ENABLE;
--------------------------------------------------------
--  Constraints for Table FACT
--------------------------------------------------------

  ALTER TABLE "CE7_101"."FACT" MODIFY ("UNITS_SOLD" NOT NULL ENABLE);
  ALTER TABLE "CE7_101"."FACT" MODIFY ("DOLLARS_SOLD" NOT NULL ENABLE);
  ALTER TABLE "CE7_101"."FACT" MODIFY ("AVG_SALES" NOT NULL ENABLE);
  ALTER TABLE "CE7_101"."FACT" ADD PRIMARY KEY ("TIME_KEY", "ITEM_KEY", "BRANCH_KEY", "LOCATION_KEY")
  USING INDEX PCTFREE 10 INITRANS 2 MAXTRANS 255 
  TABLESPACE "USERS"  ENABLE;
--------------------------------------------------------
--  Constraints for Table JF_ADM
--------------------------------------------------------

  ALTER TABLE "CE7_101"."JF_ADM" ADD PRIMARY KEY ("BRANCH_ID", "FELLOW_ID", "PERIOD_ID")
  USING INDEX PCTFREE 10 INITRANS 2 MAXTRANS 255 
  STORAGE(INITIAL 65536 NEXT 1048576 MINEXTENTS 1 MAXEXTENTS 2147483645
  PCTINCREASE 0 FREELISTS 1 FREELIST GROUPS 1
  BUFFER_POOL DEFAULT FLASH_CACHE DEFAULT CELL_FLASH_CACHE DEFAULT)
  TABLESPACE "USERS"  ENABLE;
--------------------------------------------------------
--  Constraints for Table JD_PERIOD_ADM
--------------------------------------------------------

  ALTER TABLE "CE7_101"."JD_PERIOD_ADM" MODIFY ("PERIOD_ID" NOT NULL ENABLE);
  ALTER TABLE "CE7_101"."JD_PERIOD_ADM" ADD PRIMARY KEY ("PERIOD_ID")
  USING INDEX PCTFREE 10 INITRANS 2 MAXTRANS 255 
  STORAGE(INITIAL 65536 NEXT 1048576 MINEXTENTS 1 MAXEXTENTS 2147483645
  PCTINCREASE 0 FREELISTS 1 FREELIST GROUPS 1
  BUFFER_POOL DEFAULT FLASH_CACHE DEFAULT CELL_FLASH_CACHE DEFAULT)
  TABLESPACE "USERS"  ENABLE;
--------------------------------------------------------
--  Constraints for Table TIME
--------------------------------------------------------

  ALTER TABLE "CE7_101"."TIME" MODIFY ("TIME_KEY" NOT NULL ENABLE);
  ALTER TABLE "CE7_101"."TIME" MODIFY ("DAY" NOT NULL ENABLE);
  ALTER TABLE "CE7_101"."TIME" MODIFY ("DAY_OF_THE_WEEK" NOT NULL ENABLE);
  ALTER TABLE "CE7_101"."TIME" MODIFY ("MONTH" NOT NULL ENABLE);
  ALTER TABLE "CE7_101"."TIME" MODIFY ("QUARTER" NOT NULL ENABLE);
  ALTER TABLE "CE7_101"."TIME" MODIFY ("YEAR" NOT NULL ENABLE);
  ALTER TABLE "CE7_101"."TIME" ADD PRIMARY KEY ("TIME_KEY")
  USING INDEX PCTFREE 10 INITRANS 2 MAXTRANS 255 
  STORAGE(INITIAL 65536 NEXT 1048576 MINEXTENTS 1 MAXEXTENTS 2147483645
  PCTINCREASE 0 FREELISTS 1 FREELIST GROUPS 1
  BUFFER_POOL DEFAULT FLASH_CACHE DEFAULT CELL_FLASH_CACHE DEFAULT)
  TABLESPACE "USERS"  ENABLE;
--------------------------------------------------------
--  Ref Constraints for Table FACT
--------------------------------------------------------

  ALTER TABLE "CE7_101"."FACT" ADD FOREIGN KEY ("TIME_KEY")
	  REFERENCES "CE7_101"."TIME" ("TIME_KEY") ENABLE;
  ALTER TABLE "CE7_101"."FACT" ADD FOREIGN KEY ("ITEM_KEY")
	  REFERENCES "CE7_101"."ITEM" ("ITEM_KEY") ENABLE;
  ALTER TABLE "CE7_101"."FACT" ADD FOREIGN KEY ("BRANCH_KEY")
	  REFERENCES "CE7_101"."BRANCH" ("BRANCH_KEY") ENABLE;
  ALTER TABLE "CE7_101"."FACT" ADD FOREIGN KEY ("LOCATION_KEY")
	  REFERENCES "CE7_101"."LOCATION" ("LOCATION_KEY") ENABLE;
--------------------------------------------------------
--  Ref Constraints for Table JF_ADM
--------------------------------------------------------

  ALTER TABLE "CE7_101"."JF_ADM" ADD FOREIGN KEY ("BRANCH_ID")
	  REFERENCES "CE7_101"."JD_BRANCH_ADM" ("BRANCH_ID") ENABLE;
  ALTER TABLE "CE7_101"."JF_ADM" ADD FOREIGN KEY ("FELLOW_ID")
	  REFERENCES "CE7_101"."JD_FELLOW_ADM" ("FELLOW_ID") ENABLE;
  ALTER TABLE "CE7_101"."JF_ADM" ADD FOREIGN KEY ("PERIOD_ID")
	  REFERENCES "CE7_101"."JD_PERIOD_ADM" ("PERIOD_ID") ENABLE;